,Database Generate time (methode_doubleDatabases) [s],Database Generate time (methode_singleDatabase) [s],Database size (methode_doubleDatabases) [KB],Database size (methode_singleDatabase) [KB],Query time-point (methode_doubleDatabases),Query time-point (methode_singleDatabase),Query time-range (methode_doubleDatabases),Query time-range (methode_singleDatabase),Query time-average (methode_doubleDatabases),Query time-average (methode_singleDatabase)
0,0,0,0,0,0,0,0,0,0,0
40000,199.24988889694214,111.67342710494995,6140.47265625,579.5146484375,0.08313393592834473,0.13546133041381836,0.003119945526123047,0.17387175559997559,0.0020678043365478516,0.08094024658203125
80000,391.6569650173187,127.19834661483765,9948.47265625,663.8037109375,0.0029997825622558594,0.0,0.0027899742126464844,0.031165122985839844,0.0010035037994384766,0.021147489547729492
120000,584.5663998126984,137.8513970375061,13644.47265625,695.4130859375,0.002658367156982422,0.0010001659393310547,0.0030057430267333984,0.021904468536376953,0.0025014877319335938,0.020414352416992188
