,Database Generate time (methode_doubleDatabases) [s],Database Generate time (methode_singleDatabase) [s],Database size (methode_doubleDatabases) [KB],Database size (methode_singleDatabase) [KB],Query time-point (methode_doubleDatabases),Query time-point (methode_singleDatabase),Query time-range (methode_doubleDatabases),Query time-range (methode_singleDatabase),Query time-average (methode_doubleDatabases),Query time-average (methode_singleDatabase)
0,0,0,0,0,0,0,0,0,0,0
60,3.5098397731781006,2.812345504760742,6.1611328125,8.7802734375,0.06536626815795898,0.1059865951538086,0.006045103073120117,0.11372804641723633,0.003523588180541992,0.07816529273986816
120,4.120518684387207,3.6953284740448,7.7216796875,14.3388671875,0.0013301372528076172,0.0009064674377441406,0.0009992122650146484,0.002846240997314453,0.0017228126525878906,0.0020008087158203125
